1;osine
2;them
3;narro
4;es
5;awler
6;plex
7;qu
8;rrow
9;iny
10;shabb
11;rrow
12;well
13;zambia
14;inks
15;nd
16;s
17;romie
18;osen
19;kiing
20;mu
21;sin
22;appeal
23;us
24;and
25;tryf
26;d
27;t
28;tle
29;h
30;u
31;feede
32;yo
33;a
34;harley
35;taug
36;n
37;ladde
38;hower
39;win
40;spo
41;be
42;m
43;scalb
44;hannah
45;signal
46;oyers
47;pro
48;infirm
49;planet
50;teamy
51;rch
52;brooks
53;soc
54;rtsy
55;m
56;nat
57;annah
58;ond
59;e
60;utter
61;ringe
62;llid
63;arc
64;e
65;almo
66;bishop
67;soccer
68;le
69;e
70;buck
71;elid
72;k
73;ha
74;skii
75;cer
76;coyo
77;let
78;bu
79;sc
80;bl
81;wicked
82;archan
83;ssue
84;ey
85;trifl
86;adder
87;ptse
88;s
89;l
90;uum
91;yonder
92;e
93;ord
94;across
95;e
96;itric
97;tigger
98;for
99;ple
100;la
101;imp
102;ogmo
103;r
104;ibabs
105;s
106;co
107;s
108;bra
109;ll
110;roc
111;n
112;y
113;nup
114;vu
115;ha
116;uni
117;wink
118;qui
119;mpede
120;yous
121;light
122;ous
123;tom
124;dibab
125;wool
126;powd
127;colo
128;on
129;der
130;yonde
131;r
132;omie
133;presto
134;seudo
135;cross
136;dri
137;sodiu
138;nature
139;e
140;flame
141;tromi
142;exet
143;bai
144;hanna
145;o
146;lap
147;on
148;il
149;paving
150;hem
151;oku
152;grave
153;an
154;nar
155;pel
156;pa
157;mug
158;ak
159;in
160;hande
161;hinn
162;cify
163;iable
164;ilted
165;l
166;b
167;tingl
168;e
169;ing
170;def
171;sy
172;peppe
173;hop
174;orget
175;winkle
176;bark
177;uplex
178;gen
179;n
180;i
181;ros
182;vak
183;clinic
184;ly
185;m
186;throat
187;wi
188;r
189;stie
190;em
191;beetle
192;rt
193;firm
194;bies
195;launc
196;sh
197;ban
198;samp
199;f
200;t
201;shabby
202;mumba
203;ci
204;oves
205;pepper
206;skiin
207;socc
208;earch
209;nge
210;fee
211;a
212;babies
213;wan
214;abby
215;resc
216;a
217;ow
218;ught
219;an
220;ic
221;wrymu
222;pe
223;g
224;ost
225;r
226;arley
227;ves
228;ie
229;er
230;s
231;co
232;colony
233;nu
234;str
235;connie
236;blu
237;hee
238;joyo
239;c
240;ht
241;l
242;shop
243;gnal
244;steam
245;aple
246;male
247;op
248;rooks
249;ore
250;row
251;oler
252;umbai
253;e
254;on
255;er
256;elidir
257;natur
258;c
259;wretch
260;leader
261;on
262;n
263;stap
264;bucket
265;cart
266;fee
267;ste
268;ture
269;upwar
270;lau
271;hunter
272;ambia
273;dibabs
274;s
275;unwell
276;ustly
277;r
278;ish
279;der
280;c
281;es
282;icked
283;d
284;tingly
285;br
286;drink
287;h
288;y
289;m
290;cked
291;e
292;peal
293;tomat
294;n
295;gib
296;ow
297;son
298;up
299;y
300;ved
301;m
302;thir
303;e
304;unis
305;lith
306;hunt
307;oxford
308;c
309;ner
310;p
311;impa
312;duple
313;ex
314;s
315;ent
316;nitric
317;e
318;r
319;appe
320;ley
321;ka
322;prest
323;de
324;nner
325;p
326;manage
327;ocula
328;pallid
329;al
330;p
331;rinks
332;udo
333;habby
334;thri
335;ths
336;owhee
337;trif
338;es
339;sm
340;u
341;irty
342;sil
343;tin
344;by
345;i
346;mple
347;pa
348;y
349;pac
350;powde
351;harl
352;al
353;cue
354;et
355;wilso
356;stem
357;t
358;irm
359;ket
360;li
361;deft
362;m
363;tis
364;peev
365;coff
366;cular
367;wil
368;minnow
369;p
370;s
371;cl
372;rchan
373;ut
374;cl
375;asalt
376;co
377;cof
378;mand
379;top
380;et
381;cuum
382;b
383;bounc
384;babi
385;etle
386;aying
387;c
388;t
389;rtha
390;abr
391;martha
392;onder
393;bee
394;pse
395;pacify
396;t
397;outle
398;se
399;ie
400;ha
401;eens
402;im
403;yor
404;bounce
405;wry
406;skiing
407;gentry
408;rock
409;wicke
410;w
411;e
412;ti
413;sarnia
414;powder
415;d
416;sk
417;rs
418;r
419;g
420;tlet
421;alfr
422;sys
423;clien
424;bank
425;obiwan
426;pe
427;d
428;e
429;tr
430;a
431;dam
432;proves
433;y
434;imped
435;s
436;ba
437;cosin
438;googl
439;enra
440;clumsy
441;oked
442;arton
443;p
444;minn
445;s
446;d
447;tro
448;to
449;s
450;smoke
451;anked
452;thi
453;ilter
454;isla
455;innow
456;ie
457;aunch
458;exho
459;wi
460;plan
461;q
462;d
463;ght
464;te
465;br
466;escue
467;tir
468;ple
469;h
470;gra
471;aflam
472;kodia
473;signa
474;o
475;ignal
476;o
477;nfirm
478;pelite
479;curt
480;oks
481;palli
482;nch
483;lted
484;conn
485;afl
486;arrow
487;deca
488;alfre
489;ogmor
490;ar
491;yon
492;zamb
493;astie
494;syst
495;umsy
496;y
497;breas
498;re
499;upto
500;a
501;cl
502;ssil
503;winkl
504;h
505;net
506;er
507;su
508;manuka
509;layin
510;c
511;quiv
512;wrymug
513;y
514;mar
515;ll
516;tric
517;aught
518;d
519;ade
520;s
521;et
522;r
523;sh
524;alm
525;t
526;res
527;r
528;ight
529;ucket
530;curtsy
531;ellow
532;breast
533;brea
534;h
535;pal
536;en
537;ps
538;iwan
539;tau
540;e
541;nd
542;foyer
543;rocke
544;va
545;llude
546;rade
547;qu
548;dium
549;long
550;sampl
551;ti
552;e
553;pee
554;tryfa
555;offee
556;er
557;dinn
558;impede
559;b
560;eader
561;abro
562;t
563;t
564;retch
565;d
566;b
567;joyou
568;l
569;gger
570;op
571;ku
572;ankles
573;belon
574;search
575;y
576;cos
577;r
578;w
579;exe
580;ingly
581;coffe
582;imp
583;google
584;chopin
585;ski
586;ving
587;w
588;bluish
589;etch
590;odium
591;upwa
592;n
593;ger
594;mas
595;hi
596;c
597;har
598;uish
599;bas
600;gly
601;n
602;itril
603;c
604;damned
605;t
606;dder
607;singl
608;coffee
609;quive
610;liable
611;natu
612;giblet
613;bor
614;ma
615;ked
616;ham
617;lite
618;d
619;igger
620;r
621;loaks
622;gr
623;rton
624;mum
625;aflame
626;der
627;arnia
628;unw
629;t
630;unwe
631;ge
632;s
633;s
634;slo
635;tr
636;e
637;vacuum
638;sta
639;uckoo
640;rty
641;basa
642;shi
643;a
644;goo
645;fem
646;d
647;loose
648;tie
649;obiw
650;carto
651;le
652;yond
653;ned
654;fli
655;sudo
656;enr
657;justly
658;system
659;deftl
660;o
661;t
662;lumsy
663;nked
664;ma
665;low
666;lame
667;wil
668;to
669;gle
670;dei
671;stea
672;ch
673;hann
674;y
675;la
676;ilson
677;dep
678;roat
679;laying
680;es
681;ng
682;et
683;t
684;ort
685;cu
686;co
687;most
688;eeder
689;bu
690;salt
691;tril
692;sho
693;pict
694;ossil
695;lony
696;ium
697;cof
698;tch
699;wi
700;sses
701;sar
702;showe
703;ford
704;ed
705;der
706;harle
707;w
708;ymug
709;rost
710;laun
711;layi
712;owder
713;exhort
714;bucke
715;ant
716;grav
717;de
718;mart
719;harl
720;archa
721;slov
722;emale
723;a
724;curts
725;obi
726;wler
727;oss
728;sine
729;le
730;uzzer
731;t
732;st
733;b
734;allid
735;wel
736;hunte
737;x
738;lia
739;co
740;ter
741;acr
742;de
743;ngly
744;t
745;ryfan
746;fo
747;mana
748;isl
749;ble
750;appea
751;h
752;f
753;pre
754;r
755;able
756;ket
757;aks
758;dupl
759;nupts
760;uptse
761;ato
762;throa
763;zambi
764;ght
765;dicin
766;ney
767;tissu
768;searc
769;le
770;re
771;fle
772;n
773;an
774;clum
775;dy
776;arrow
777;eeved
778;reast
779;ffee
780;s
781;pr
782;moked
783;try
784;dem
785;v
786;thirty
787;sponge
788;go
789;up
790;lude
791;bou
792;v
793;upt
794;eflex
795;depict
796;wilson
797;um
798;mont
799;butter
800;t
801;gentr
802;cli
803;barki
804;e
805;l
806;ss
807;pe
808;ascend
809;son
810;coyote
811;fi
812;fos
813;ng
814;d
815;n
816;afla
817;vulcan
818;rm
819;onnie
820;zer
821;nder
822;w
823;stapl
824;impe
825;cade
826;filt
827;cosi
828;gi
829;g
830;ast
831;scal
832;rel
833;trel
834;mart
835;r
836;ed
837;com
838;thr
839;iak
840;ly
841;ocu
842;st
843;durham
844;pavin
845;pa
846;sca
847;butte
848;r
849;ftly
850;sl
851;g
852;e
853;de
854;row
855;upward
856;ccer
857;j
858;unter
859;smoked
860;towhe
861;t
862;acro
863;yote
864;ounce
865;oxf
866;nnie
867;irade
868;n
869;woole
870;a
871;nd
872;nison
873;li
874;marth
875;sho
876;t
877;linic
878;wick
879;nal
880;ked
881;inkle
882;obi
883;gent
884;ket
885;d
886;tromie
887;a
888;ndent
889;is
890;t
891;durha
892;cl
893;e
894;y
895;urtsy
896;try
897;forge
898;chop
899;omato
900;mned
901;bab
902;f
903;d
904;oc
905;taught
906;liabl
907;l
908;common
909;la
910;ting
911;oogle
912;rham
913;ie
914;ded
915;sample
916;pact
917;ha
918;l
919;infi
920;er
921;ison
922;unison
923;peeve
924;p
925;bish
926;almond
927;trifle
928;y
929;month
930;ler
931;depic
932;joy
933;manuk
934;ha
935;cue
936;coffee
937;t
938;hield
939;og
940;pseudo
941;e
942;le
943;foyers
944;onge
945;hand
946;taugh
947;trom
948;sodium
949;il
950;utlet
951;ster
952;pall
953;les
954;obje
955;shower
956;eli
957;ptop
958;ge
959;roves
960;k
961;e
962;dent
963;plane
964;joyous
965;ld
966;l
967;ey
968;brai
969;laptop
970;clin
971;si
972;u
973;nwell
974;narr
975;p
976;r
977;ct
978;per
979;s
980;s
981;sig
982;utmost
983;enrag
984;pep
985;cket
986;e
987;rnia
988;boun
989;months
990;dici
991;lex
992;ing
993;reflex
994;foss
995;ower
996;ba
997;ves
998;ooks
999;ude
1000;ke
1001;stly
1002;babs
1003;obiw
1004;whee
1005;staple
1006;in
1007;anth
1008;ry
1009;col
1010;roster
1011;ses
1012;cloa
1013;mbia
1014;fee
1015;pede
1016;ringer
1017;drin
1018;dema
1019;out
1020;er
1021;sto
1022;strak
1023;rainy
1024;r
1025;thro
1026;eetle
1027;b
1028;pav
1029;ers
1030;w
1031;escue
1032;o
1033;mpact
1034;g
1035;depi
1036;tomat
1037;ow
1038;abroa
1039;shodd
1040;wi
1041;ma
1042;spong
1043;dr
1044;n
1045;n
1046;s
1047;d
1048;ter
1049;pin
1050;pward
1051;thr
1052;t
1053;co
1054;ddy
1055;ingle
1056;towhee
1057;jus
1058;sa
1059;du
1060;pr
1061;ks
1062;buzzer
1063;cket
1064;brain
1065;s
1066;babie
1067;am
1068;outlet
1069;pavi
1070;object
1071;manag
1072;at
1073;abies
1074;anded
1075;e
1076;er
1077;ng
1078;sa
1079;arch
1080;bluis
1081;narr
1082;ard
1083;ue
1084;sea
1085;ta
1086;pepp
1087;mumb
1088;r
1089;st
1090;toma
1091;dup
1092;uiver
1093;bia
1094;thrill
1095;ted
1096;tem
1097;nnah
1098;m
1099;m
1100;d
1101;sarn
1102;h
1103;beetl
1104;nage
1105;wrym
1106;bi
1107;e
1108;chopi
1109;forg
1110;oo
1111;ter
1112;sudok
1113;e
1114;c
1115;thirt
1116;ah
1117;y
1118;rescu
1119;colon
1120;eved
1121;nitr
1122;c
1123;w
1124;sy
1125;ex
1126;an
1127;er
1128;acros
1129;impact
1130;york
1131;ind
1132;tira
1133;sh
1134;sud
1135;ecade
1136;ne
1137;id
1138;d
1139;r
1140;rill
1141;masses
1142;ox
1143;cuckoo
1144;ct
1145;cucko
1146;fan
1147;fossi
1148;tomato
1149;outl
1150;ver
1151;pow
1152;e
1153;han
1154;clie
1155;bel
1156;er
1157;es
1158;wils
1159;amu
1160;foye
1161;pas
1162;ede
1163;tiss
1164;ge
1165;lead
1166;gle
1167;re
1168;ia
1169;blui
1170;o
1171;b
1172;clini
1173;ngle
1174;lmond
1175;ju
1176;natur
1177;o
1178;all
1179;roc
1180;ato
1181;p
1182;ield
1183;lcan
1184;le
1185;th
1186;rrow
1187;brook
1188;nkles
1189;entry
1190;epper
1191;nuka
1192;sear
1193;rocket
1194;th
1195;ladd
1196;s
1197;e
1198;ying
1199;sha
1200;za
1201;nat
1202;l
1203;han
1204;re
1205;t
1206;p
1207;s
1208;ony
1209;du
1210;acify
1211;u
1212;m
1213;almon
1214;esto
1215;ley
1216;coffe
1217;wo
1218;wello
1219;fema
1220;petrel
1221;y
1222;alt
1223;nuptse
1224;broo
1225;r
1226;ed
1227;le
1228;buzze
1229;yers
1230;nt
1231;ha
1232;trake
1233;slovak
1234;manu
1235;aggis
1236;tr
1237;e
1238;sod
1239;ing
1240;e
1241;elite
1242;cend
1243;sen
1244;ue
1245;n
1246;ocul
1247;kod
1248;na
1249;r
1250;petre
1251;queens
1252;y
1253;s
1254;ite
1255;enrage
1256;b
1257;sland
1258;el
1259;z
1260;conni
1261;ed
1262;ocket
1263;ch
1264;amy
1265;but
1266;ifle
1267;narrow
1268;bro
1269;f
1270;anthe
1271;t
1272;ithic
1273;dur
1274;shield
1275;m
1276;resc
1277;lay
1278;y
1279;e
1280;deftly
1281;lidir
1282;t
1283;sing
1284;chan
1285;l
1286;foy
1287;ueens
1288;end
1289;rin
1290;ic
1291;ocket
1292;durh
1293;oddy
1294;le
1295;t
1296;acuum
1297;mon
1298;east
1299;fe
1300;marton
1301;inner
1302;mass
1303;di
1304;s
1305;lovak
1306;yaw
1307;uka
1308;syste
1309;ill
1310;impac
1311;vac
1312;din
1313;ser
1314;ckoo
1315;cing
1316;mato
1317;road
1318;ri
1319;inic
1320;ter
1321;e
1322;mo
1323;female
1324;vulc
1325;pacif
1326;obj
1327;ler
1328;ac
1329;w
1330;rley
1331;ro
1332;hopin
1333;basal
1334;citri
1335;cuc
1336;nar
1337;diba
1338;el
1339;cuck
1340;ly
1341;ch
1342;belo
1343;h
1344;forget
1345;yawler
1346;min
1347;i
1348;n
1349;aving
1350;rocket
1351;mon
1352;inf
1353;ei
1354;eter
1355;ht
1356;har
1357;inger
1358;row
1359;mmon
1360;a
1361;ob
1362;rymug
1363;asses
1364;s
1365;oxfo
1366;taple
1367;ooler
1368;decade
1369;r
1370;u
1371;cloak
1372;oxfor
1373;resto
1374;rton
1375;pastie
1376;flig
1377;act
1378;indent
1379;wder
1380;nded
1381;so
1382;m
1383;rake
1384;my
1385;un
1386;jo
1387;orrow
1388;biwan
1389;yo
1390;amus
1391;scalby
1392;g
1393;f
1394;buzz
1395;obiwan
1396;ab
1397;stra
1398;gmore
1399;mumbai
1400;tly
1401;mi
1402;a
1403;now
1404;comm
1405;hoddy
1406;sh
1407;tissue
1408;inney
1409;rkis
1410;shab
1411;cit
1412;er
1413;b
1414;rd
1415;ankle
1416;nit
1417;tse
1418;utmo
1419;single
1420;is
1421;ng
1422;er
1423;g
1424;just
1425;borr
1426;ap
1427;islan
1428;nger
1429;shoddy
1430;opin
1431;beet
1432;ward
1433;ge
1434;iver
1435;arkis
1436;la
1437;ell
1438;arch
1439;i
1440;ing
1441;rocke
1442;asce
1443;vacu
1444;nrage
1445;nie
1446;ascen
1447;graves
1448;ow
1449;amede
1450;a
1451;m
1452;amedei
1453;er
1454;b
1455;nd
1456;refl
1457;ular
1458;liab
1459;ug
1460;fy
1461;ked
1462;ring
1463;eftly
1464;eder
1465;issue
1466;a
1467;p
1468;tly
1469;ame
1470;ppeal
1471;de
1472;d
1473;ton
1474;al
1475;hs
1476;anage
1477;utmos
1478;hin
1479;ba
1480;n
1481;an
1482;di
1483;nney
1484;g
1485;coff
1486;tigge
1487;a
1488;oat
1489;ger
1490;mato
1491;er
1492;urham
1493;s
1494;by
1495;amned
1496;dic
1497;epict
1498;rley
1499;unch
1500;di
1501;flex
1502;wret
1503;a
1504;ocular
1505;th
1506;sh
1507;age
1508;rock
1509;oyous
1510;nnow
1511;occer
1512;un
1513;pelit
1514;abs
1515;island
1516;obiwa
1517;bu
1518;wr
1519;vulca
1520;bar
1521;zzer
1522;pla
1523;smok
1524;dinner
1525;hinne
1526;natu
1527;ks
1528;q
1529;harle
1530;calby
1531;xhort
1532;kodiak
1533;i
1534;ify
1535;ue
1536;c
1537;wilted
1538;lad
1539;t
1540;ote
1541;han
1542;b
1543;um
1544;de
1545;goog
1546;hrill
1547;wre
1548;mar
1549;tmost
1550;cosine
1551;ct
1552;cli
1553;allu
1554;anuka
1555;ogle
1556;hroat
1557;lit
1558;lt
1559;is
1560;c
1561;d
1562;more
1563;yfan
1564;er
1565;llow
1566;ar
1567;bo
1568;dib
1569;an
1570;co
1571;coyot
1572;ystem
1573;steamy
1574;er
1575;ffee
1576;ladder
1577;y
1578;drinks
1579;tsy
1580;c
1581;socce
1582;lar
1583;eamy
1584;car
1585;c
1586;m
1587;ro
1588;citr
1589;exhor
1590;loo
1591;n
1592;to
1593;amuse
1594;al
1595;fil
1596;a
1597;s
1598;emand
1599;kodi
1600;clo
1601;w
1602;onths
1603;upw
1604;sue
1605;narro
1606;quee
1607;t
1608;narrow
1609;a
1610;rget
1611;o
1612;hu
1613;ong
1614;ent
1615;o
1616;edei
1617;oyote
1618;app
1619;user
1620;d
1621;r
1622;ed
1623;st
1624;y
1625;butt
1626;c
1627;to
1628;olony
1629;shie
1630;muser
1631;s
1632;l
1633;anet
1634;wooler
1635;minno
1636;f
1637;t
1638;g
1639;ee
1640;que
1641;pseud
1642;ggis
1643;exeter
1644;b
1645;brainy
1646;dir
1647;ref
1648;commo
1649;do
1650;client
1651;ro
1652;s
1653;fe
1654;handed
1655;af
1656;o
1657;lithi
1658;i
1659;femal
1660;be
1661;bisho
1662;w
1663;rescu
1664;man
1665;refle
1666;yorkie
1667;nks
1668;w
1669;gible
1670;launch
1671;der
1672;msy
1673;rd
1674;e
1675;artha
1676;im
1677;er
1678;kle
1679;ou
1680;ogmore
1681;s
1682;ks
1683;iing
1684;e
1685;mbai
1686;decad
1687;kles
1688;justl
1689;orkie
1690;e
1691;na
1692;obiwa
1693;loosen
1694;e
1695;nkle
1696;ex
1697;lter
1698;lid
1699;inde
1700;thril
1701;an
1702;p
1703;pet
1704;n
1705;sy
1706;tirad
1707;diak
1708;sam
1709;hort
1710;d
1711;nce
1712;x
1713;fred
1714;ict
1715;t
1716;i
1717;y
1718;feeder
1719;t
1720;we
1721;alby
1722;cu
1723;aptop
1724;de
1725;h
1726;gis
1727;r
1728;sarni
1729;na
1730;ed
1731;lanet
1732;ai
1733;allude
1734;et
1735;t
1736;damn
1737;eal
1738;nic
1739;ect
1740;da
1741;demand
1742;offee
1743;marto
1744;t
1745;l
1746;shod
1747;asc
1748;sign
1749;banked
1750;re
1751;er
1752;tigg
1753;p
1754;damne
1755;ient
1756;nupt
1757;d
1758;loos
1759;ni
1760;ntry
1761;s
1762;n
1763;let
1764;wn
1765;s
1766;cur
1767;j
1768;c
1769;o
1770;s
1771;ale
1772;medei
1773;show
1774;fossil
1775;omato
1776;fo
1777;r
1778;ca
1779;ample
1780;eld
1781;bre
1782;oster
1783;towh
1784;peeved
1785;dinne
1786;d
1787;uptow
1788;ogm
1789;inden
1790;rkie
1791;ir
1792;ature
1793;age
1794;sp
1795;amuser
1796;carton
1797;le
1798;deman
1799;d
1800;p
1801;on
1802;queen
1803;coy
1804;yawle
1805;ns
1806;mond
1807;bs
1808;past
1809;fl
1810;hagg
1811;arley
1812;r
1813;m
1814;leade
1815;y
1816;unce
1817;get
1818;ia
1819;ies
1820;can
1821;strake
1822;ame
1823;oad
1824;s
1825;le
1826;s
1827;bby
1828;r
1829;well
1830;r
1831;borrow
1832;hic
1833;infir
1834;elidi
1835;paci
1836;et
1837;bo
1838;quiver
1839;c
1840;ce
1841;b
1842;w
1843;wer
1844;b
1845;am
1846;biwan
1847;ponge
1848;ure
1849;oosen
1850;d
1851;icing
1852;l
1853;b
1854;l
1855;sudoku
1856;g
1857;uptown
1858;e
1859;lapt
1860;vacuu
1861;sodi
1862;ey
1863;ine
1864;hirty
1865;h
1866;br
1867;idir
1868;man
1869;t
1870;haggi
1871;elong
1872;broad
1873;ainy
1874;clu
1875;ny
1876;filter
1877;de
1878;lithic
1879;dec
1880;ross
1881;wretc
1882;peli
1883;nitri
1884;uniso
1885;barkis
1886;eudo
1887;si
1888;b
1889;res
1890;arton
1891;ny
1892;em
1893;belong
1894;pper
1895;ric
1896;lapto
1897;am
1898;ed
1899;rifle
1900;town
1901;own
1902;ture
1903;ma
1904;in
1905;alf
1906;kie
1907;r
1908;er
1909;harley
1910;nature
1911;exete
1912;ject
1913;borro
1914;iwan
1915;xford
1916;s
1917;raves
1918;ic
1919;tri
1920;ril
1921;u
1922;ulcan
1923;p
1924;e
1925;n
1926;ma
1927;clums
1928;e
1929;d
1930;prov
1931;unwel
1932;tow
1933;wellow
1934;land
1935;feed
1936;o
1937;ex
1938;scue
1939;slova
1940;d
1941;c
1942;ature
1943;lea
1944;tirade
1945;re
1946;ee
1947;tig
1948;pe
1949;ba
1950;t
1951;en
1952;ptown
1953;cho
1954;xeter
1955;al
1956;ti
1957;wan
1958;bject
1959;banke
1960;wilt
1961;and
1962;s
1963;ade
1964;nthem
1965;so
1966;ow
1967;utm
1968;con
1969;masse
1970;e
1971;p
1972;nter
1973;nah
1974;gibl
1975;shiel
1976;ee
1977;hinney
1978;y
1979;luish
1980;ton
1981;dicing
1982;ng
1983;to
1984;scend
1985;se
1986;cloaks
1987;k
1988;ader
1989;duplex
1990;nths
1991;ak
1992;citril
1993;pl
1994;tha
1995;r
1996;spon
1997;petr
1998;ens
1999;hag
2000;c
2001;zam
2002;rescue
2003;fo
2004;e
2005;koo
2006;ya
2007;tom
2008;wic
2009;s
2010;thic
2011;buc
2012;ank
2013;ti
2014;bis
2015;ishop
2016;filte
2017;cket
2018;yorki
2019;ko
2020;me
2021;scue
2022;d
2023;woo
2024;ake
2025;l
2026;wr
2027;lex
2028;tter
2029;w
2030;ed
2031;toma
2032;as
2033;prove
2034;nia
2035;kis
2036;ure
2037;tryfan
2038;tomato
2039;etrel
2040;objec
2041;f
2042;ommon
2043;roste
2044;aves
2045;er
2046;allud
2047;lfred
2048;ob
2049;wilte
2050;h
2051;et
2052;ob
2053;ty
2054;lson
2055;ad
2056;nt
2057;r
2058;pseu
2059;na
2060;odiak
2061;rage
2062;ch
2063;smo
2064;er
2065;lo
2066;pasti
2067;haggis
2068;udoku
2069;pa
2070;doku
2071;er
2072;ovak
2073;buz
2074;flight
2075;po
2076;te
2077;yawl
2078;exh
2079;ankl
2080;alfred
2081;ter
2082;hun
2083;amed
2084;lient
2085;st
2086;abroad
2087;d
2088;red
2089;anthem
2090;h
2091;rescue
2092;to
2093;iblet
2094;mie
2095;oaks
2096;pres
2097;vul
2098;basalt
2099;blet
2100;lby
2101;fligh
2102;osine
2103;them
2104;narro
2105;es
2106;awler
2107;plex
2108;qu
2109;rrow
2110;iny
2111;shabb
2112;rrow
2113;well
2114;zambia
2115;inks
2116;nd
2117;s
2118;romie
2119;osen
2120;kiing
2121;mu
2122;sin
2123;appeal
2124;us
2125;and
2126;tryf
2127;d
2128;t
2129;tle
2130;h
2131;u
2132;feede
2133;yo
2134;a
2135;harley
2136;taug
2137;n
2138;ladde
2139;hower
2140;win
2141;spo
2142;be
2143;m
2144;scalb
2145;hannah
2146;signal
2147;oyers
2148;pro
2149;infirm
2150;planet
2151;teamy
2152;rch
2153;brooks
2154;soc
2155;rtsy
2156;m
2157;nat
2158;annah
2159;ond
2160;e
2161;utter
2162;ringe
2163;llid
2164;arc
2165;e
2166;almo
2167;bishop
2168;soccer
2169;le
2170;e
2171;buck
2172;elid
2173;k
2174;ha
2175;skii
2176;cer
2177;coyo
2178;let
2179;bu
2180;sc
2181;bl
2182;wicked
2183;archan
2184;ssue
2185;ey
2186;trifl
2187;adder
2188;ptse
2189;s
2190;l
2191;uum
2192;yonder
2193;e
2194;ord
2195;across
2196;e
2197;itric
2198;tigger
2199;for
2200;ple
2201;la
2202;imp
2203;ogmo
2204;r
2205;ibabs
2206;s
2207;co
2208;s
2209;bra
2210;ll
2211;roc
2212;n
2213;y
2214;nup
2215;vu
2216;ha
2217;uni
2218;wink
2219;qui
2220;mpede
2221;yous
2222;light
2223;ous
2224;tom
2225;dibab
2226;wool
2227;powd
2228;colo
2229;on
2230;der
2231;yonde
2232;r
2233;omie
2234;presto
2235;seudo
2236;cross
2237;dri
2238;sodiu
2239;nature
2240;e
2241;flame
2242;tromi
2243;exet
2244;bai
2245;hanna
2246;o
2247;lap
2248;on
2249;il
2250;paving
2251;hem
2252;oku
2253;grave
2254;an
2255;nar
2256;pel
2257;pa
2258;mug
2259;ak
2260;in
2261;hande
2262;hinn
2263;cify
2264;iable
2265;ilted
2266;l
2267;b
2268;tingl
2269;e
2270;ing
2271;def
2272;sy
2273;peppe
2274;hop
2275;orget
2276;winkle
2277;bark
2278;uplex
2279;gen
2280;n
2281;i
2282;ros
2283;vak
2284;clinic
2285;ly
2286;m
2287;throat
2288;wi
2289;r
2290;stie
2291;em
2292;beetle
2293;rt
2294;firm
2295;bies
2296;launc
2297;sh
2298;ban
2299;samp
2300;f
2301;t
2302;shabby
2303;mumba
2304;ci
2305;oves
2306;pepper
2307;skiin
2308;socc
2309;earch
2310;nge
2311;fee
2312;a
2313;babies
2314;wan
2315;abby
2316;resc
2317;a
2318;ow
2319;ught
2320;an
2321;ic
2322;wrymu
2323;pe
2324;g
2325;ost
2326;r
2327;arley
2328;ves
2329;ie
2330;er
2331;s
2332;co
2333;colony
2334;nu
2335;str
2336;connie
2337;blu
2338;hee
2339;joyo
2340;c
2341;ht
2342;l
2343;shop
2344;gnal
2345;steam
2346;aple
2347;male
2348;op
2349;rooks
2350;ore
2351;row
2352;oler
2353;umbai
2354;e
2355;on
2356;er
2357;elidir
2358;natur
2359;c
2360;wretch
2361;leader
2362;on
2363;n
2364;stap
2365;bucket
2366;cart
2367;fee
2368;ste
2369;ture
2370;upwar
2371;lau
2372;hunter
2373;ambia
2374;dibabs
2375;s
2376;unwell
2377;ustly
2378;r
2379;ish
2380;der
2381;c
2382;es
2383;icked
2384;d
2385;tingly
2386;br
2387;drink
2388;h
2389;y
2390;m
2391;cked
2392;e
2393;peal
2394;tomat
2395;n
2396;gib
2397;ow
2398;son
2399;up
2400;y
2401;ved
2402;m
2403;thir
2404;e
2405;unis
2406;lith
2407;hunt
2408;oxford
2409;c
2410;ner
2411;p
2412;impa
2413;duple
2414;ex
2415;s
2416;ent
2417;nitric
2418;e
2419;r
2420;appe
2421;ley
2422;ka
2423;prest
2424;de
2425;nner
2426;p
2427;manage
2428;ocula
2429;pallid
2430;al
2431;p
2432;rinks
2433;udo
2434;habby
2435;thri
2436;ths
2437;owhee
2438;trif
2439;es
2440;sm
2441;u
2442;irty
2443;sil
2444;tin
2445;by
2446;i
2447;mple
2448;pa
2449;y
2450;pac
2451;powde
2452;harl
2453;al
2454;cue
2455;et
2456;wilso
2457;stem
2458;t
2459;irm
2460;ket
2461;li
2462;deft
2463;m
2464;tis
2465;peev
2466;coff
2467;cular
2468;wil
2469;minnow
2470;p
2471;s
2472;cl
2473;rchan
2474;ut
2475;cl
2476;asalt
2477;co
2478;cof
2479;mand
2480;top
2481;et
2482;cuum
2483;b
2484;bounc
2485;babi
2486;etle
2487;aying
2488;c
2489;t
2490;rtha
2491;abr
2492;martha
2493;onder
2494;bee
2495;pse
2496;pacify
2497;t
2498;outle
2499;se
2500;ie
2501;ha
2502;eens
2503;im
2504;yor
2505;bounce
2506;wry
2507;skiing
2508;gentry
2509;rock
2510;wicke
2511;w
2512;e
2513;ti
2514;sarnia
2515;powder
2516;d
2517;sk
2518;rs
2519;r
2520;g
2521;tlet
2522;alfr
2523;sys
2524;clien
2525;bank
2526;obiwan
2527;pe
2528;d
2529;e
2530;tr
2531;a
2532;dam
2533;proves
2534;y
2535;imped
2536;s
2537;ba
2538;cosin
2539;googl
2540;enra
2541;clumsy
2542;oked
2543;arton
2544;p
2545;minn
2546;s
2547;d
2548;tro
2549;to
2550;s
2551;smoke
2552;anked
2553;thi
2554;ilter
2555;isla
2556;innow
2557;ie
2558;aunch
2559;exho
2560;wi
2561;plan
2562;q
2563;d
2564;ght
2565;te
2566;br
2567;escue
2568;tir
2569;ple
2570;h
2571;gra
2572;aflam
2573;kodia
2574;signa
2575;o
2576;ignal
2577;o
2578;nfirm
2579;pelite
2580;curt
2581;oks
2582;palli
2583;nch
2584;lted
2585;conn
2586;afl
2587;arrow
2588;deca
2589;alfre
2590;ogmor
2591;ar
2592;yon
2593;zamb
2594;astie
2595;syst
2596;umsy
2597;y
2598;breas
2599;re
2600;upto
2601;a
2602;cl
2603;ssil
2604;winkl
2605;h
2606;net
2607;er
2608;su
2609;manuka
2610;layin
2611;c
2612;quiv
2613;wrymug
2614;y
2615;mar
2616;ll
2617;tric
2618;aught
2619;d
2620;ade
2621;s
2622;et
2623;r
2624;sh
2625;alm
2626;t
2627;res
2628;r
2629;ight
2630;ucket
2631;curtsy
2632;ellow
2633;breast
2634;brea
2635;h
2636;pal
2637;en
2638;ps
2639;iwan
2640;tau
2641;e
2642;nd
2643;foyer
2644;rocke
2645;va
2646;llude
2647;rade
2648;qu
2649;dium
2650;long
2651;sampl
2652;ti
2653;e
2654;pee
2655;tryfa
2656;offee
2657;er
2658;dinn
2659;impede
2660;b
2661;eader
2662;abro
2663;t
2664;t
2665;retch
2666;d
2667;b
2668;joyou
2669;l
2670;gger
2671;op
2672;ku
2673;ankles
2674;belon
2675;search
2676;y
2677;cos
2678;r
2679;w
2680;exe
2681;ingly
2682;coffe
2683;imp
2684;google
2685;chopin
2686;ski
2687;ving
2688;w
2689;bluish
2690;etch
2691;odium
2692;upwa
2693;n
2694;ger
2695;mas
2696;hi
2697;c
2698;har
2699;uish
2700;bas
2701;gly
2702;n
2703;itril
2704;c
2705;damned
2706;t
2707;dder
2708;singl
2709;coffee
2710;quive
2711;liable
2712;natu
2713;giblet
2714;bor
2715;ma
2716;ked
2717;ham
2718;lite
2719;d
2720;igger
2721;r
2722;loaks
2723;gr
2724;rton
2725;mum
2726;aflame
2727;der
2728;arnia
2729;unw
2730;t
2731;unwe
2732;ge
2733;s
2734;s
2735;slo
2736;tr
2737;e
2738;vacuum
2739;sta
2740;uckoo
2741;rty
2742;basa
2743;shi
2744;a
2745;goo
2746;fem
2747;d
2748;loose
2749;tie
2750;obiw
2751;carto
2752;le
2753;yond
2754;ned
2755;fli
2756;sudo
2757;enr
2758;justly
2759;system
2760;deftl
2761;o
2762;t
2763;lumsy
2764;nked
2765;ma
2766;low
2767;lame
2768;wil
2769;to
2770;gle
2771;dei
2772;stea
2773;ch
2774;hann
2775;y
2776;la
2777;ilson
2778;dep
2779;roat
2780;laying
2781;es
2782;ng
2783;et
2784;t
2785;ort
2786;cu
2787;co
2788;most
2789;eeder
2790;bu
2791;salt
2792;tril
2793;sho
2794;pict
2795;ossil
2796;lony
2797;ium
2798;cof
2799;tch
2800;wi
2801;sses
2802;sar
2803;showe
2804;ford
2805;ed
2806;der
2807;harle
2808;w
2809;ymug
2810;rost
2811;laun
2812;layi
2813;owder
2814;exhort
2815;bucke
2816;ant
2817;grav
2818;de
2819;mart
2820;harl
2821;archa
2822;slov
2823;emale
2824;a
2825;curts
2826;obi
2827;wler
2828;oss
2829;sine
2830;le
2831;uzzer
2832;t
2833;st
2834;b
2835;allid
2836;wel
2837;hunte
2838;x
2839;lia
2840;co
2841;ter
2842;acr
2843;de
2844;ngly
2845;t
2846;ryfan
2847;fo
2848;mana
2849;isl
2850;ble
2851;appea
2852;h
2853;f
2854;pre
2855;r
2856;able
2857;ket
2858;aks
2859;dupl
2860;nupts
2861;uptse
2862;ato
2863;throa
2864;zambi
2865;ght
2866;dicin
2867;ney
2868;tissu
2869;searc
2870;le
2871;re
2872;fle
2873;n
2874;an
2875;clum
2876;dy
2877;arrow
2878;eeved
2879;reast
2880;ffee
2881;s
2882;pr
2883;moked
2884;try
2885;dem
2886;v
2887;thirty
2888;sponge
2889;go
2890;up
2891;lude
2892;bou
2893;v
2894;upt
2895;eflex
2896;depict
2897;wilson
2898;um
2899;mont
2900;butter
2901;t
2902;gentr
2903;cli
2904;barki
2905;e
2906;l
2907;ss
2908;pe
2909;ascend
2910;son
2911;coyote
2912;fi
2913;fos
2914;ng
2915;d
2916;n
2917;afla
2918;vulcan
2919;rm
2920;onnie
2921;zer
2922;nder
2923;w
2924;stapl
2925;impe
2926;cade
2927;filt
2928;cosi
2929;gi
2930;g
2931;ast
2932;scal
2933;rel
2934;trel
2935;mart
2936;r
2937;ed
2938;com
2939;thr
2940;iak
2941;ly
2942;ocu
2943;st
2944;durham
2945;pavin
2946;pa
2947;sca
2948;butte
2949;r
2950;ftly
2951;sl
2952;g
2953;e
2954;de
2955;row
2956;upward
2957;ccer
2958;j
2959;unter
2960;smoked
2961;towhe
2962;t
2963;acro
2964;yote
2965;ounce
2966;oxf
2967;nnie
2968;irade
2969;n
2970;woole
2971;a
2972;nd
2973;nison
2974;li
2975;marth
2976;sho
2977;t
2978;linic
2979;wick
2980;nal
2981;ked
2982;inkle
2983;obi
2984;gent
2985;ket
2986;d
2987;tromie
2988;a
2989;ndent
2990;is
2991;t
2992;durha
2993;cl
2994;e
2995;y
2996;urtsy
2997;try
2998;forge
2999;chop
3000;omato
3001;mned
3002;bab
3003;f
3004;d
3005;oc
3006;taught
3007;liabl
3008;l
3009;common
3010;la
3011;ting
3012;oogle
3013;rham
3014;ie
3015;ded
3016;sample
3017;pact
3018;ha
3019;l
3020;infi
3021;er
3022;ison
3023;unison
3024;peeve
3025;p
3026;bish
3027;almond
3028;trifle
3029;y
3030;month
3031;ler
3032;depic
3033;joy
3034;manuk
3035;ha
3036;cue
3037;coffee
3038;t
3039;hield
3040;og
3041;pseudo
3042;e
3043;le
3044;foyers
3045;onge
3046;hand
3047;taugh
3048;trom
3049;sodium
3050;il
3051;utlet
3052;ster
3053;pall
3054;les
3055;obje
3056;shower
3057;eli
3058;ptop
3059;ge
3060;roves
3061;k
3062;e
3063;dent
3064;plane
3065;joyous
3066;ld
3067;l
3068;ey
3069;brai
3070;laptop
3071;clin
3072;si
3073;u
3074;nwell
3075;narr
3076;p
3077;r
3078;ct
3079;per
3080;s
3081;s
3082;sig
3083;utmost
3084;enrag
3085;pep
3086;cket
3087;e
3088;rnia
3089;boun
3090;months
3091;dici
3092;lex
3093;ing
3094;reflex
3095;foss
3096;ower
3097;ba
3098;ves
3099;ooks
3100;ude
3101;ke
3102;stly
3103;babs
3104;obiw
3105;whee
3106;staple
3107;in
3108;anth
3109;ry
3110;col
3111;roster
3112;ses
3113;cloa
3114;mbia
3115;fee
3116;pede
3117;ringer
3118;drin
3119;dema
3120;out
3121;er
3122;sto
3123;strak
3124;rainy
3125;r
3126;thro
3127;eetle
3128;b
3129;pav
3130;ers
3131;w
3132;escue
3133;o
3134;mpact
3135;g
3136;depi
3137;tomat
3138;ow
3139;abroa
3140;shodd
3141;wi
3142;ma
3143;spong
3144;dr
3145;n
3146;n
3147;s
3148;d
3149;ter
3150;pin
3151;pward
3152;thr
3153;t
3154;co
3155;ddy
3156;ingle
3157;towhee
3158;jus
3159;sa
3160;du
3161;pr
3162;ks
3163;buzzer
3164;cket
3165;brain
3166;s
3167;babie
3168;am
3169;outlet
3170;pavi
3171;object
3172;manag
3173;at
3174;abies
3175;anded
3176;e
3177;er
3178;ng
3179;sa
3180;arch
3181;bluis
3182;narr
3183;ard
3184;ue
3185;sea
3186;ta
3187;pepp
3188;mumb
3189;r
3190;st
3191;toma
3192;dup
3193;uiver
3194;bia
3195;thrill
3196;ted
3197;tem
3198;nnah
3199;m
3200;m
3201;d
3202;sarn
3203;h
3204;beetl
3205;nage
3206;wrym
3207;bi
3208;e
3209;chopi
3210;forg
3211;oo
3212;ter
3213;sudok
3214;e
3215;c
3216;thirt
3217;ah
3218;y
3219;rescu
3220;colon
3221;eved
3222;nitr
3223;c
3224;w
3225;sy
3226;ex
3227;an
3228;er
3229;acros
3230;impact
3231;york
3232;ind
3233;tira
3234;sh
3235;sud
3236;ecade
3237;ne
3238;id
3239;d
3240;r
3241;rill
3242;masses
3243;ox
3244;cuckoo
3245;ct
3246;cucko
3247;fan
3248;fossi
3249;tomato
3250;outl
3251;ver
3252;pow
3253;e
3254;han
3255;clie
3256;bel
3257;er
3258;es
3259;wils
3260;amu
3261;foye
3262;pas
3263;ede
3264;tiss
3265;ge
3266;lead
3267;gle
3268;re
3269;ia
3270;blui
3271;o
3272;b
3273;clini
3274;ngle
3275;lmond
3276;ju
3277;natur
3278;o
3279;all
3280;roc
3281;ato
3282;p
3283;ield
3284;lcan
3285;le
3286;th
3287;rrow
3288;brook
3289;nkles
3290;entry
3291;epper
3292;nuka
3293;sear
3294;rocket
3295;th
3296;ladd
3297;s
3298;e
3299;ying
3300;sha
3301;za
3302;nat
3303;l
3304;han
3305;re
3306;t
3307;p
3308;s
3309;ony
3310;du
3311;acify
3312;u
3313;m
3314;almon
3315;esto
3316;ley
3317;coffe
3318;wo
3319;wello
3320;fema
3321;petrel
3322;y
3323;alt
3324;nuptse
3325;broo
3326;r
3327;ed
3328;le
3329;buzze
3330;yers
3331;nt
3332;ha
3333;trake
3334;slovak
3335;manu
3336;aggis
3337;tr
3338;e
3339;sod
3340;ing
3341;e
3342;elite
3343;cend
3344;sen
3345;ue
3346;n
3347;ocul
3348;kod
3349;na
3350;r
3351;petre
3352;queens
3353;y
3354;s
3355;ite
3356;enrage
3357;b
3358;sland
3359;el
3360;z
3361;conni
3362;ed
3363;ocket
3364;ch
3365;amy
3366;but
3367;ifle
3368;narrow
3369;bro
3370;f
3371;anthe
3372;t
3373;ithic
3374;dur
3375;shield
3376;m
3377;resc
3378;lay
3379;y
3380;e
3381;deftly
3382;lidir
3383;t
3384;sing
3385;chan
3386;l
3387;foy
3388;ueens
3389;end
3390;rin
3391;ic
3392;ocket
3393;durh
3394;oddy
3395;le
3396;t
3397;acuum
3398;mon
3399;east
3400;fe
3401;marton
3402;inner
3403;mass
3404;di
3405;s
3406;lovak
3407;yaw
3408;uka
3409;syste
3410;ill
3411;impac
3412;vac
3413;din
3414;ser
3415;ckoo
3416;cing
3417;mato
3418;road
3419;ri
3420;inic
3421;ter
3422;e
3423;mo
3424;female
3425;vulc
3426;pacif
3427;obj
3428;ler
3429;ac
3430;w
3431;rley
3432;ro
3433;hopin
3434;basal
3435;citri
3436;cuc
3437;nar
3438;diba
3439;el
3440;cuck
3441;ly
3442;ch
3443;belo
3444;h
3445;forget
3446;yawler
3447;min
3448;i
3449;n
3450;aving
3451;rocket
3452;mon
3453;inf
3454;ei
3455;eter
3456;ht
3457;har
3458;inger
3459;row
3460;mmon
3461;a
3462;ob
3463;rymug
3464;asses
3465;s
3466;oxfo
3467;taple
3468;ooler
3469;decade
3470;r
3471;u
3472;cloak
3473;oxfor
3474;resto
3475;rton
3476;pastie
3477;flig
3478;act
3479;indent
3480;wder
3481;nded
3482;so
3483;m
3484;rake
3485;my
3486;un
3487;jo
3488;orrow
3489;biwan
3490;yo
3491;amus
3492;scalby
3493;g
3494;f
3495;buzz
3496;obiwan
3497;ab
3498;stra
3499;gmore
3500;mumbai
3501;tly
3502;mi
3503;a
3504;now
3505;comm
3506;hoddy
3507;sh
3508;tissue
3509;inney
3510;rkis
3511;shab
3512;cit
3513;er
3514;b
3515;rd
3516;ankle
3517;nit
3518;tse
3519;utmo
3520;single
3521;is
3522;ng
3523;er
3524;g
3525;just
3526;borr
3527;ap
3528;islan
3529;nger
3530;shoddy
3531;opin
3532;beet
3533;ward
3534;ge
3535;iver
3536;arkis
3537;la
3538;ell
3539;arch
3540;i
3541;ing
3542;rocke
3543;asce
3544;vacu
3545;nrage
3546;nie
3547;ascen
3548;graves
3549;ow
3550;amede
3551;a
3552;m
3553;amedei
3554;er
3555;b
3556;nd
3557;refl
3558;ular
3559;liab
3560;ug
3561;fy
3562;ked
3563;ring
3564;eftly
3565;eder
3566;issue
3567;a
3568;p
3569;tly
3570;ame
3571;ppeal
3572;de
3573;d
3574;ton
3575;al
3576;hs
3577;anage
3578;utmos
3579;hin
3580;ba
3581;n
3582;an
3583;di
3584;nney
3585;g
3586;coff
3587;tigge
3588;a
3589;oat
3590;ger
3591;mato
3592;er
3593;urham
3594;s
3595;by
3596;amned
3597;dic
3598;epict
3599;rley
3600;unch
3601;di
3602;flex
3603;wret
3604;a
3605;ocular
3606;th
3607;sh
3608;age
3609;rock
3610;oyous
3611;nnow
3612;occer
3613;un
3614;pelit
3615;abs
3616;island
3617;obiwa
3618;bu
3619;wr
3620;vulca
3621;bar
3622;zzer
3623;pla
3624;smok
3625;dinner
3626;hinne
3627;natu
3628;ks
3629;q
3630;harle
3631;calby
3632;xhort
3633;kodiak
3634;i
3635;ify
3636;ue
3637;c
3638;wilted
3639;lad
3640;t
3641;ote
3642;han
3643;b
3644;um
3645;de
3646;goog
3647;hrill
3648;wre
3649;mar
3650;tmost
3651;cosine
3652;ct
3653;cli
3654;allu
3655;anuka
3656;ogle
3657;hroat
3658;lit
3659;lt
3660;is
3661;c
3662;d
3663;more
3664;yfan
3665;er
3666;llow
3667;ar
3668;bo
3669;dib
3670;an
3671;co
3672;coyot
3673;ystem
3674;steamy
3675;er
3676;ffee
3677;ladder
3678;y
3679;drinks
3680;tsy
3681;c
3682;socce
3683;lar
3684;eamy
3685;car
3686;c
3687;m
3688;ro
3689;citr
3690;exhor
3691;loo
3692;n
3693;to
3694;amuse
3695;al
3696;fil
3697;a
3698;s
3699;emand
3700;kodi
3701;clo
3702;w
3703;onths
3704;upw
3705;sue
3706;narro
3707;quee
3708;t
3709;narrow
3710;a
3711;rget
3712;o
3713;hu
3714;ong
3715;ent
3716;o
3717;edei
3718;oyote
3719;app
3720;user
3721;d
3722;r
3723;ed
3724;st
3725;y
3726;butt
3727;c
3728;to
3729;olony
3730;shie
3731;muser
3732;s
3733;l
3734;anet
3735;wooler
3736;minno
3737;f
3738;t
3739;g
3740;ee
3741;que
3742;pseud
3743;ggis
3744;exeter
3745;b
3746;brainy
3747;dir
3748;ref
3749;commo
3750;do
3751;client
3752;ro
3753;s
3754;fe
3755;handed
3756;af
3757;o
3758;lithi
3759;i
3760;femal
3761;be
3762;bisho
3763;w
3764;rescu
3765;man
3766;refle
3767;yorkie
3768;nks
3769;w
3770;gible
3771;launch
3772;der
3773;msy
3774;rd
3775;e
3776;artha
3777;im
3778;er
3779;kle
3780;ou
3781;ogmore
3782;s
3783;ks
3784;iing
3785;e
3786;mbai
3787;decad
3788;kles
3789;justl
3790;orkie
3791;e
3792;na
3793;obiwa
3794;loosen
3795;e
3796;nkle
3797;ex
3798;lter
3799;lid
3800;inde
3801;thril
3802;an
3803;p
3804;pet
3805;n
3806;sy
3807;tirad
3808;diak
3809;sam
3810;hort
3811;d
3812;nce
3813;x
3814;fred
3815;ict
3816;t
3817;i
3818;y
3819;feeder
3820;t
3821;we
3822;alby
3823;cu
3824;aptop
3825;de
3826;h
3827;gis
3828;r
3829;sarni
3830;na
3831;ed
3832;lanet
3833;ai
3834;allude
3835;et
3836;t
3837;damn
3838;eal
3839;nic
3840;ect
3841;da
3842;demand
3843;offee
3844;marto
3845;t
3846;l
3847;shod
3848;asc
3849;sign
3850;banked
3851;re
3852;er
3853;tigg
3854;p
3855;damne
3856;ient
3857;nupt
3858;d
3859;loos
3860;ni
3861;ntry
3862;s
3863;n
3864;let
3865;wn
3866;s
3867;cur
3868;j
3869;c
3870;o
3871;s
3872;ale
3873;medei
3874;show
3875;fossil
3876;omato
3877;fo
3878;r
3879;ca
3880;ample
3881;eld
3882;bre
3883;oster
3884;towh
3885;peeved
3886;dinne
3887;d
3888;uptow
3889;ogm
3890;inden
3891;rkie
3892;ir
3893;ature
3894;age
3895;sp
3896;amuser
3897;carton
3898;le
3899;deman
3900;d
3901;p
3902;on
3903;queen
3904;coy
3905;yawle
3906;ns
3907;mond
3908;bs
3909;past
3910;fl
3911;hagg
3912;arley
3913;r
3914;m
3915;leade
3916;y
3917;unce
3918;get
3919;ia
3920;ies
3921;can
3922;strake
3923;ame
3924;oad
3925;s
3926;le
3927;s
3928;bby
3929;r
3930;well
3931;r
3932;borrow
3933;hic
3934;infir
3935;elidi
3936;paci
3937;et
3938;bo
3939;quiver
3940;c
3941;ce
3942;b
3943;w
3944;wer
3945;b
3946;am
3947;biwan
3948;ponge
3949;ure
3950;oosen
3951;d
3952;icing
3953;l
3954;b
3955;l
3956;sudoku
3957;g
3958;uptown
3959;e
3960;lapt
3961;vacuu
3962;sodi
3963;ey
3964;ine
3965;hirty
3966;h
3967;br
3968;idir
3969;man
3970;t
3971;haggi
3972;elong
3973;broad
3974;ainy
3975;clu
3976;ny
3977;filter
3978;de
3979;lithic
3980;dec
3981;ross
3982;wretc
3983;peli
3984;nitri
3985;uniso
3986;barkis
3987;eudo
3988;si
3989;b
3990;res
3991;arton
3992;ny
3993;em
3994;belong
3995;pper
3996;ric
3997;lapto
3998;am
3999;ed
4000;rifle
4001;town
4002;own
4003;ture
4004;ma
4005;in
4006;alf
4007;kie
4008;r
4009;er
4010;harley
4011;nature
4012;exete
4013;ject
4014;borro
4015;iwan
4016;xford
4017;s
4018;raves
4019;ic
4020;tri
4021;ril
4022;u
4023;ulcan
4024;p
4025;e
4026;n
4027;ma
4028;clums
4029;e
4030;d
4031;prov
4032;unwel
4033;tow
4034;wellow
4035;land
4036;feed
4037;o
4038;ex
4039;scue
4040;slova
4041;d
4042;c
4043;ature
4044;lea
4045;tirade
4046;re
4047;ee
4048;tig
4049;pe
4050;ba
4051;t
4052;en
4053;ptown
4054;cho
4055;xeter
4056;al
4057;ti
4058;wan
4059;bject
4060;banke
4061;wilt
4062;and
4063;s
4064;ade
4065;nthem
4066;so
4067;ow
4068;utm
4069;con
4070;masse
4071;e
4072;p
4073;nter
4074;nah
4075;gibl
4076;shiel
4077;ee
4078;hinney
4079;y
4080;luish
4081;ton
4082;dicing
4083;ng
4084;to
4085;scend
4086;se
4087;cloaks
4088;k
4089;ader
4090;duplex
4091;nths
4092;ak
4093;citril
4094;pl
4095;tha
4096;r
4097;spon
4098;petr
4099;ens
4100;hag
4101;c
4102;zam
4103;rescue
4104;fo
4105;e
4106;koo
4107;ya
4108;tom
4109;wic
4110;s
4111;thic
4112;buc
4113;ank
4114;ti
4115;bis
4116;ishop
4117;filte
4118;cket
4119;yorki
4120;ko
4121;me
4122;scue
4123;d
4124;woo
4125;ake
4126;l
4127;wr
4128;lex
4129;tter
4130;w
4131;ed
4132;toma
4133;as
4134;prove
4135;nia
4136;kis
4137;ure
4138;tryfan
4139;tomato
4140;etrel
4141;objec
4142;f
4143;ommon
4144;roste
4145;aves
4146;er
4147;allud
4148;lfred
4149;ob
4150;wilte
4151;h
4152;et
4153;ob
4154;ty
4155;lson
4156;ad
4157;nt
4158;r
4159;pseu
4160;na
4161;odiak
4162;rage
4163;ch
4164;smo
4165;er
4166;lo
4167;pasti
4168;haggis
4169;udoku
4170;pa
4171;doku
4172;er
4173;ovak
4174;buz
4175;flight
4176;po
4177;te
4178;yawl
4179;exh
4180;ankl
4181;alfred
4182;ter
4183;hun
4184;amed
4185;lient
4186;st
4187;abroad
4188;d
4189;red
4190;anthem
4191;h
4192;rescue
4193;to
4194;iblet
4195;mie
4196;oaks
4197;pres
4198;vul
4199;basalt
4200;blet
4201;lby
4202;fligh
